"index","path","size_bytes","sha256_first1k","sha256_full"
"1",".github/workflows/ci.yml","8546","0ecb1273cc67092fbc4c52352e03768f7853a98ea8bb05fbaa554e71d9c021c6","7199f09fe7f09f4ec2b2c2854f7e5c0985a1dd6359a5356cc40fdac4e24c6603"
"2",".github/workflows/ci-cd.yml","6088","920ee07f890b076d23f67ddfa5074c4b8a504b45a444b1d4dd48845a1d62878f","825a8b33f553627f72fb2e125b52375e6dc55562662d6441b087836674872666"
"3",".github/workflows/health-check.yml","8450","7e519505cfa73af65bb64ffdc5f95e084777c15e47b64b1b4f0b1154a68910c4","0ba9ce94b739c92b246316d6695f38d9e500a35de9307763ee86a1d1d104adb2"
"4",".gitignore","2194","f6d8d0daab4bda04cace32c1fc67b16b206c2e79a08035245ebf7debdd0c8617","882ef3c5cb5c2ee3491326873b8c0b901f6c55006dcfe3de82980eab5754bd1b"
"5","apps/api/.env","1875","1cd094ade7a4ec6c5d6d396fd6359a745501817c5eb1d25894cb36b406a458c4","9bab8729b4a26bcb30e1d62d33593345e87460c5519cda1bf49b0e61ceb02443"
"6","apps/api/.env.example","1711","79fee5f4217cf9e5d4a89c15b9f547aee61dcc157dbd870819ae08d48a5143a8","b4eeda4a38dbb15e03668c44fd20efcb016d7cf06a10fcda8b3e24c1c3cd28ab"
"7","apps/api/Dockerfile","1527","4d7c6a7b107660517c1c87c76ea174ddb41634388a061af96d5bb0179ee69068","e225c8255d1eab6e835279cd3a1883a7dd19d738fb22114e0329ee367ae6b85d"
"8","apps/api/nest-cli.json","249","f0471e1bf6d69cda76d013f4cabe693668e0d3482227b6756abf2d2a913f659a","f0471e1bf6d69cda76d013f4cabe693668e0d3482227b6756abf2d2a913f659a"
"9","apps/api/package.json","5447","87a7cb7090bd75f965e00b324ec1bf612d76ccf0ec1a8d7555b35a1e4149a0d1","15de32d94366f4f761c7e207b9c3c4e517f07e93d94bb5e9a4dc2b4e9dac8530"
"10","apps/api/prisma/migrations/20240101000000_init/migration.sql","59188","f091264262b6932ffdfaa20fc86a5fb7e57865825ea98481eb8e7fd8e4bbd536","59d23848cd3fc16287771b9c0573e7dc5e91802044353054283494662d9b2b13"
"11","apps/api/prisma/schema.prisma","46034","5eb32eff5d2319e4933f02e941947e87365b7c9de9d0bfbe8b92c74e8ff6622e","6ada9bdbe9cef636796dfa5d0a4998dc91e062223499311370757ed588aa7315"
"12","apps/api/prisma/seed.ts","16372","08421f52939829d25182eb64f1279959c5a07a67d677fbf7bbbe2f1bc1f62101","fd39766f63768bf00a73f9eafc4cfde2e2b539c4471bae1cefd812493c90a4a5"
"13","apps/api/src/app.module.ts","4439","2aceb5bd5d5d8aba1b9765644e3a001bd0e13e13b7cb6f6e3dcf01b98003ac05","00f0426321aeb0fd12c109940c54e0da972282bf338f21638af428139618fb15"
"14","apps/api/src/common/guards/jwt-auth.guard.ts","987","c0fd73e065a70cab2d8cce224c52e25749429a9d03d9c7b815f43d67115417c0","c0fd73e065a70cab2d8cce224c52e25749429a9d03d9c7b815f43d67115417c0"
"15","apps/api/src/common/guards/roles.guard.ts","1541","50faabc39e39d9c015492a2a236011eb3ed4ac896ab1e5771ccec0d5f43462d6","2851b1e9d551bb69f2bd433bf2a5e34e9d58e2dc89837de222280ae68979809b"
"16","apps/api/src/common/interceptors/request-logging.interceptor.ts","1996","4bb0992747fb79050441083769df3c8ef38792532de93dd848ef210bda8dfc3f","55773f9ae248896fed5b5174cfbb04f92131cad6c3d67a05cb9e7b54e437b8db"
"17","apps/api/src/common/middleware/request-id.middleware.ts","882","63b8ee6dbecd68780fb5fab02b3cc4fa816493194c6e217078f7824e8ca7e51d","63b8ee6dbecd68780fb5fab02b3cc4fa816493194c6e217078f7824e8ca7e51d"
"18","apps/api/src/config/configuration.ts","4878","1198c023bca25dbd9bf1e0541aeb49d2c6b2ed61f2bddc4148339071f549d9ec","8c20472c0a97b15753f5fc9bf4db03d4f789ead2f8035b9f16f2f77d4055ba01"
"19","apps/api/src/config/validation.ts","4961","210e70a2a91c2966b68ded6578ec81fec150bad0fd1fbc69035216fdce367c1e","7fa9102859fb186bf3ffcde4455bff7799e4588210158cdfda03d1b45183e06f"
"20","apps/api/src/database/prisma.module.ts","191","8ba12013471a8e2d73b4a5325dd6291209e26f2f28bd4abb83ad373ff44c8c0e","8ba12013471a8e2d73b4a5325dd6291209e26f2f28bd4abb83ad373ff44c8c0e"
"21","apps/api/src/database/prisma.service.ts","2840","a42dc52e10ee24c676ee9ca99949e025e3ce8c3221e1fa8d31ea71aefd1816e0","7ac95404ef6e0c1d8407b59c07c1ace40e046507769be892522a094fc303cfac"
"22","apps/api/src/health/health.controller.ts","2524","76e34c323ce6cf4e739c907f0329c35ed2a4485658d8ec2517b9da50ab7f70c0","4addc0f8109a910b0628159ca8f53778092ffb00d820d1660e7d7366f1daedaf"
"23","apps/api/src/health/health.module.ts","174","af83069a07754b6e7fd3570867722ca7ebd2bb9d622d8d2d0616ab8dc64fc50d","af83069a07754b6e7fd3570867722ca7ebd2bb9d622d8d2d0616ab8dc64fc50d"
"24","apps/api/src/main.ts","2939","cc51f020c1153f147823de5de388f666491a1b2ac56a0120045738d216f1d594","93bd00bf137ecdca48e790bb6b8a99ef3a642c082dbaa6864cb856a5a9b8aba5"
"25","apps/api/src/modules/ab-testing/ab-testing.service.ts","12691","59939fb2ef4fceceab6487b0cab094e73278c862a39a3ec6d0e0e527b0ee2ffb","fd6ef839ac133c8777c65e9865c1ba573834fdc9ed1d965029e786f0fd1cb1aa"
"26","apps/api/src/modules/analytics/analytics.module.ts","519","b402ef48d88791b98359e15b9cc30ae1841b34f8877600c3f38b13e24c8992cc","b402ef48d88791b98359e15b9cc30ae1841b34f8877600c3f38b13e24c8992cc"
"27","apps/api/src/modules/analytics/analytics.service.ts","59213","2966413a5d9e6316427d47c93c2c1baeef7fa7610e075c296a9ae1473625df85","aef360a4b761fd30a1d5f1ea4fb694eb88d4034a13baf9bec043e6da017c5db9"
"28","apps/api/src/modules/analytics/interfaces.ts","3141","95159d801d8b7ba1fe81e3ec208303729a20f41dd2061257f57f095ed64139c7","0e95b9386ad1e6b87078256104b37dbd8d8c600bdcf37c861cebb957c9d0cb93"
"29","apps/api/src/modules/analytics/performance-metrics.interceptor.ts","9786","0a4a168c150c1354d51ef96afb4396faa259ba08b9da8e660b881e54fb073833","06c1a5a4900d25162701b260be8f87c780160715ebf7686fd45f973962d0e14c"
"30","apps/api/src/modules/analytics/performance-monitor.controller.ts","15396","46a3a88d47d030066562e4bd6366c633f98ba46fb445516cd7d9c001a271c546","704f6be6159527eb2d7be0ca7034b1adb610deabc15b0e969276042cfd77061d"
"31","apps/api/src/modules/analytics/performance-monitor.service.ts","37795","f747501f0b78cd5689bb35d033b9bf5806b6ccee5d152e1202b3d470dfad65d3","929cebb978c012e1d52224a6fbccb14159feaa8791774c521745a3416819670a"
"32","apps/api/src/modules/audit/audit.service.ts","12141","7ba37ead4b92eb56b64867e2c804f46bc4a9fdf7554ed4f32ed9199110a7a019","9b8eb8ef8b3359201b28199c06cb5ad3c5de869d6f7b5ed14a283d1a31bd67fb"
"33","apps/api/src/modules/auth/auth.controller.ts","6570","07bf89acaa84ffb03b0323c00c5b24625b7f99e7643286d6e54619233c6024da","c4b7c1a866bb0aafc4e897b56761e9b7dcff75de9a4c83155828e1cc0db7c79a"
"34","apps/api/src/modules/auth/auth.module.ts","1209","51aa6e78aa04a80c55adff94a529608957c92233ff2212612ee89a83af8002e5","51369866b98746d37f642466732897b3b728007f72c5d7734af0d8aa84b5a230"
"35","apps/api/src/modules/auth/auth.service.spec.ts","3970","87db9df854289787df1d15e121e69295e3afc31e928261cdb788796959f8cff4","1469c875b71dc7c7665eaab7582e2e85a8b9cc6f0c0c7e98e278ae44426a68d8"
"36","apps/api/src/modules/auth/auth.service.ts","14430","803304fca962717d52637f769853ce452e6ef8f1a22016d6968fd9772231e851","292663d9d2ea4bd08d2305e247a51924dd041fff6877fee85e717b4fd190e432"
"37","apps/api/src/modules/auth/decorators/public.decorator.ts","149","8f5ec76bfcd77b77f75f97d377d2a56e609ab320771bbea6f4b4c1b1734d7368","8f5ec76bfcd77b77f75f97d377d2a56e609ab320771bbea6f4b4c1b1734d7368"
"38","apps/api/src/modules/auth/dto/index.ts","2810","549ec452789745a3330163a952280480dedef067cb1c84bbb2b34f1f6f1ef4ed","acdbbb57859690e497a6390737ed97722ceaf323e12146d9d8f06c99f7661d8f"
"39","apps/api/src/modules/auth/interfaces/index.ts","1979","8732e694fe6c18e9d23ab599143ad9e800e832bc7854b4e2a28c5bb379336a6a","76b805efd94b7f0d7964d5f6f1c50cfd6518998c386a4f35bd9ee3259cdec7b5"
"40","apps/api/src/modules/auth/roles.decorator.ts","156","9eed5d7d765d41692793511c74da25164af0ce9deccbd99051114cbde0206fe6","9eed5d7d765d41692793511c74da25164af0ce9deccbd99051114cbde0206fe6"
"41","apps/api/src/modules/auth/roles.guard.ts","692","6ab3b977ab74b5085c020cd33e68ebafb8bc557f194ecfe66bacb75ee00bb849","6ab3b977ab74b5085c020cd33e68ebafb8bc557f194ecfe66bacb75ee00bb849"
"42","apps/api/src/modules/auth/strategies/jwt.strategy.ts","1250","8302d6f1595596d8e2296db42a99b1ff6f7f8730f4cef00d786846831064e8e3","6b70bc05450b7a9156d8f29ec7190e2cdbad87b2ebe23ddb0e4b70cf0a01d7ae"
"43","apps/api/src/modules/auth/strategies/jwt-refresh.strategy.ts","1129","e9208529e2141056be78adaf5abc68b1cdbecc93eaf7350f8bfddaca8e582d6d","21ad8b175ed09c2e110e8a729443b41429ed7c111b4832d337f79402a5540520"
"44","apps/api/src/modules/auth/strategies/local.strategy.ts","733","26dea185657a0d5982c9f58ba0f7d2e4d3ae01caeb310283c5fa17ffe8fc4ae5","26dea185657a0d5982c9f58ba0f7d2e4d3ae01caeb310283c5fa17ffe8fc4ae5"
"45","apps/api/src/modules/certification/certification.controller.ts","1729","b888bced81adceea6229f47a005ecb19be2163a4885036bbaaea20562a89e9ad","5342095d291684ab26a2c2800106723b396b632e8d41f345bbee87f9902f9472"
"46","apps/api/src/modules/certification/certification.module.ts","426","844292cd2cbc226c13f87ad90e552eb8d754d6bf011d0439f531735841c4ab41","844292cd2cbc226c13f87ad90e552eb8d754d6bf011d0439f531735841c4ab41"
"47","apps/api/src/modules/certification/certification.service.ts","23451","4bd22b7722537c90d38eb661e59181b1e1939fdff9e27397a8d14cd06cd7fedc","3853edaa3970ae0d2b1174005d27e58697f10fc95fac21651741dfdde1dcf772"
"48","apps/api/src/modules/challenges/challenges.module.ts","299","25c8910956c0ff67c78370762a42bcf24447e89759ad6dfe6fca0565c2940fbb","25c8910956c0ff67c78370762a42bcf24447e89759ad6dfe6fca0565c2940fbb"
"49","apps/api/src/modules/challenges/challenges.service.ts","37477","bd3b1a28850c35ac0fb8cc5eee9a590fca6f11ddfc81e01ff2358c51a148a5a5","9c631ab07770ecb972481abc3d514c74d2876152a8cc81165a88619954e5d344"
"50","apps/api/src/modules/challenges/dto/index.ts","1449","fedba5c89dd44a2884420139e4f057d01303fb13579e06cdca2a4242fd389208","6f688e65f612d2a4a52f3d451a49da5230170c78ce18d0d85522072024286485"
"51","apps/api/src/modules/challenges/interfaces/index.ts","1559","8c2684d5e2d8fd0b63212c8529657915095862e3ddd76b9dd7120236383d0cdb","3aebcdead281a2b071ec1be194ba999a1d732259424cc5231556e9ff4e0e51c1"
"52","apps/api/src/modules/coaching/coaching.service.ts","21125","14460501d301a6d16ffc072deae449c053852ee85e36c2c2720d8a0e3e16368d","475ed10f9730196f1642c5a0bbc3260fac793a9d24e710f9a52d590ae3c754b2"
"53","apps/api/src/modules/community/community.module.ts","294","fc1e15a1769b55819b2d5aa1291ce1174f3fabd2fedbb90a9f4c184aed87a9a8","fc1e15a1769b55819b2d5aa1291ce1174f3fabd2fedbb90a9f4c184aed87a9a8"
"54","apps/api/src/modules/community/community.service.ts","45458","38dabe51a56d0c298da4cb50193fc38795c8626ff172a19966e96cad5660adc9","c9940224aa3afcea9c612c15312825fa4263689f6d8e8e48bd2a05cac3c45070"
"55","apps/api/src/modules/community/dto/index.ts","1404","9c82e5722eb5b110a038abc684365f4fa17f8cc28b420e472c222c7f95b99601","df88727514809a0b7eb92bbc783deb514309caac3b908eca98e5eb7a10368a6e"
"56","apps/api/src/modules/community/interfaces/index.ts","1757","aa8582f737096a6a84edda59533c71f6749a8ca63065e9d272b2759b0395caf4","be628a0f5976f358ae273afcc01ac852e9c5655dfea4f521934d8ad797be927f"
"57","apps/api/src/modules/custom-models/custom-model.controller.ts","15560","482f03f9355ed36ad769a4ea039293b42683e283e93a879f841ab748c8beaf59","a953839e4746a9ac730e26944079bc4105f88395f2d9316b044ef0556518a3d7"
"58","apps/api/src/modules/custom-models/custom-model.service.ts","37494","0b25e5317c596d956f4f7b1f2fd44683228e0b4cdab9292b7db7dc99f94e3c3c","dbc7ec2bfc1e0cea0791bfc7ba08707ccc10bf2a45ce131f9c6348661898f0dd"
"59","apps/api/src/modules/custom-models/custom-models.module.ts","473","3c6a802d9f7df8dcc8fb4a6cc143654d75ec337913ed15b1e604ddbe87feb91c","3c6a802d9f7df8dcc8fb4a6cc143654d75ec337913ed15b1e604ddbe87feb91c"
"60","apps/api/src/modules/custom-models/providers/anthropic-finetuning.provider.ts","5933","4278b0ffaa6627c2cfbc6d44715b369a14336043e6cc642dbfa94dd76a6f1f5b","ff4657f97e9aa894f1fe7c47c7e367451b6ca037dd9fc6593fc6d7812de7aea5"
"61","apps/api/src/modules/custom-models/providers/google-finetuning.provider.ts","5869","aa8fa1cf777eda09729a71ee3d90733d80095b082a0c8bef7ab29e18a7a77329","c3f978f7f0a0d0f544f20507dcf04b33f6f1c8a3199cd3d2926bff37ec02cb09"
"62","apps/api/src/modules/custom-models/providers/openai-finetuning.provider.ts","4419","0dd0641d5c68d979afcf92e7405a96d2e91932ad81b89955906718cfb3d90494","a785073fb9540c48017f1c4d9e11d46be1d23b8c9d91deb6ec3ef566c5930147"
"63","apps/api/src/modules/dna-analysis/dna-analysis.controller.ts","4884","0493a5545e212313621bbef9df31afe0af4809a86ca3fae21ce9e727ebd9a963","625a4de54f17e1d90b583eb7a1f9eecb64a2235f4b45b977713f240c1190f671"
"64","apps/api/src/modules/dna-analysis/dna-analysis.module.ts","412","bf7927f411ebd1cbcfe223dc16b5a26122b0a0b8102f62eda18e53c9e630cee5","bf7927f411ebd1cbcfe223dc16b5a26122b0a0b8102f62eda18e53c9e630cee5"
"65","apps/api/src/modules/dna-analysis/dna-analysis.service.ts","29678","b5358e80ca8c4f7e7654a2cdbdbf4114ecb395bfff5ace2ce6de207a3f6227d0","65feb13b6161a4a1d86b46f20507ab40b42b58736f09c2c93b5f119ec116c446"
"66","apps/api/src/modules/email/email.service.ts","20862","4b1daa6a7ada335683d5974ad02b486ec49db67619a784ea04276a8a5a7f16d5","6df08d828323c37bbf42567bd0810bd13bd3fb15ec5355384c72d8bc8ba29080"
"67","apps/api/src/modules/enterprise/audit.controller.ts","9856","fd2d7f7350713a8ad88cfffaf0aaef98ee28d5117d2a79489f33803d93cc0d5d","4eba4b16818b125e72164cd2d5ea83ae6fb46925a3a5282a78ed5ec4113f2287"
"68","apps/api/src/modules/enterprise/audit.service.ts","28127","93d082c819b5893d3d4e591240b011a93b20b5e1e3c623d89195f45f88982171","d46f0a609cc7677b3bff12722a0dd368c4d465c88b34613446d21430880478bc"
"69","apps/api/src/modules/enterprise/data-residency.controller.ts","12170","75ea97c59adbb6c2bcad2ba987a8a14b85119ea73e3549273cff85c16199482c","c2b605c552989611b41dc38056069f77a0a8bdac33cead3da851b211c388ace1"
"70","apps/api/src/modules/enterprise/data-residency.service.ts","26484","ce0fe3709e939f582d57aa95e190beb48dfb3cd62484f138916b7d90f5d1d9a2","e6056fe7a82e0c76d5aad8f4c51f8f7e302cde3799d9747017fce6e5cef92aa5"
"71","apps/api/src/modules/enterprise/sso.service.ts","17638","5163a657428dc79c681b7d4c3a4d18b524256b9d774ab6f3f536a54aba9ae562","2d907207f42b575a756ac7a2069280862b521656c6251baa3621ee8d209db3c9"
"72","apps/api/src/modules/gamification/achievement.service.ts","876","a478337eaf65c57eb7735f161ddd44240eeda4d53c6541fc4d3170971e944139","a478337eaf65c57eb7735f161ddd44240eeda4d53c6541fc4d3170971e944139"
"73","apps/api/src/modules/gamification/badge.service.ts","815","8c23a0344ad82a5bc098a85e1e0365829b4bd1e26076637c917e3c5bcfb4a6a0","8c23a0344ad82a5bc098a85e1e0365829b4bd1e26076637c917e3c5bcfb4a6a0"
"74","apps/api/src/modules/gamification/gamification.controller.ts","888","7b24dd824c693679564c40ca96faa32165c5cefa5c012ee31cc56f9792169800","7b24dd824c693679564c40ca96faa32165c5cefa5c012ee31cc56f9792169800"
"75","apps/api/src/modules/gamification/gamification.module.ts","1052","8b7997b463dfd3287f43615d666795aa1bcbae5ed6c5dc4ca53954425214d1f9","10ee66764777c8523ecf82b77677f461cc46f32f2f68d6a348c6f3019f737ab7"
"76","apps/api/src/modules/gamification/gamification.service.ts","9987","fdcbe4864e3ae5bdd061d159f19f8c3ac33b8ffcff6b985c4d8179e15888f96a","37ccee8ca158431ea6cea4c3191ea2b01a55cd171ea42aab2b253b7414bbc75f"
"77","apps/api/src/modules/gamification/interfaces/index.ts","3167","c44dff2558171659f9c31ddddfeb78b63eb81f9f953eba9ccf3092f703dd2aad","494daa809899455f96d8a8dd6c66fdcd930bdf2473b2d3c8f42f898db366a61d"
"78","apps/api/src/modules/gamification/leaderboard.service.ts","834","834750e9969a899b22041b8fa835f9c552b30bda8604d0c108110dc186e0e0e9","834750e9969a899b22041b8fa835f9c552b30bda8604d0c108110dc186e0e0e9"
"79","apps/api/src/modules/gamification/processors/points.processor.ts","373","9cb6667bb01dfa3e3499dbf1b4c5114aa3630a6c277729396a756c756caa7056","9cb6667bb01dfa3e3499dbf1b4c5114aa3630a6c277729396a756c756caa7056"
"80","apps/api/src/modules/integrations/integrations.module.ts","209","58cce269a38f3c1255124b477ff4211c446d063e50a7c850ded3b6ec5d62ec12","58cce269a38f3c1255124b477ff4211c446d063e50a7c850ded3b6ec5d62ec12"
"81","apps/api/src/modules/learning/dto/index.ts","1454","185f42b4ebf7573381c8141dd5438f54e24b8fb741c4dc3c47732f357aadb1bc","ff908b98cc591127e0546f948db29b76aa7970c88c4d0facf79e8905f007482b"
"82","apps/api/src/modules/learning/interfaces/index.ts","1685","a7127ac71d7dddaf254ebf3677392d70913e5628a1c67046014de1a3fb47369c","de3de306233e4598b8f04a92741f197d8dab2b1b1ed2261e28c8d25891dcbc8d"
"83","apps/api/src/modules/learning/learning.module.ts","289","9034af9bc346187959ebd6f34f992ce34864adb0908f04859242c7acf88fdf30","9034af9bc346187959ebd6f34f992ce34864adb0908f04859242c7acf88fdf30"
"84","apps/api/src/modules/learning/learning.service.ts","39841","a2562352275d4b8ad3c33703ddbd40e4ed1d2c1cefdff6cc48aefa38154747fe","08de161038cc9f28afb5db495d89bf8ac4deba60b52498951e2a15ef8ddf1b44"
"85","apps/api/src/modules/marketplace/marketplace.controller.ts","11129","d0d2e0b6f228a5e7ad0ccfeba14e04d4129cfeceed7ed1f4560f5769bca3f313","ee74a0ec0ab40ba15c8a04f74c0ab85f4e42e9513d39bcd3318a09eafc56e3a2"
"86","apps/api/src/modules/marketplace/marketplace.module.ts","410","649f350dd92cc99e920847ddd19ca29b8377b549cd6181e17cbee7d05a4e84f2","649f350dd92cc99e920847ddd19ca29b8377b549cd6181e17cbee7d05a4e84f2"
"87","apps/api/src/modules/marketplace/marketplace.service.ts","26814","e21d3df077e09c29211fcfe4bc5d4094c72b1381a6b7f970b8adfc9d21c79971","231bfbb39b380902233f12c34150b458046b0dec4deffceae46bd3a4e7af7df2"
"88","apps/api/src/modules/notifications/notifications.module.ts","314","3cb7bc50dd09ff1e1879c9a2d9b69561b9e8c3d0d5f77bb261fc5502a344af88","3cb7bc50dd09ff1e1879c9a2d9b69561b9e8c3d0d5f77bb261fc5502a344af88"
"89","apps/api/src/modules/notifications/notifications.service.ts","32484","3716428aacf29062b9b61af7c92114adadafe098d1bf40f74096eda42e052401","2bdd1c8e0165cc8007339145e236baedce0e2ecda16cafd8ab195f2625f5894d"
"90","apps/api/src/modules/prompt-builder/prompt-builder.controller.ts","4911","ee77978d758077ba3d896e783e94586146419469fd0f3a4b04f9ffa891f78327","7b6f58a56c996dc686a64013a0ce49c0d4af053bb817616daebc2784aec4fdc2"
"91","apps/api/src/modules/prompt-builder/prompt-builder.module.ts","428","30406e29672eafcce4dbc773701c11a26c51e8fd03b7cd37439851a4ea30de81","30406e29672eafcce4dbc773701c11a26c51e8fd03b7cd37439851a4ea30de81"
"92","apps/api/src/modules/prompt-builder/prompt-builder.service.ts","23069","4862ced75f68225d0f8bbab54cfefdd9ba15eab70bb7020ef89ed918179cb94c","cbcc30acbd3f3a122ba56ab8a3e118a05b82ac64e98624dc698b82a0daa92ab9"
"93","apps/api/src/modules/prompts/dto/index.ts","1449","bcb0210f00d6f5ab0a59538ea41eca277103ae80fcf63899d313e3173543a5dd","c7494c0706d349dc2228d00a32cde4b115b671cb5f3201101ad5f0034c095816"
"94","apps/api/src/modules/prompts/interfaces/index.ts","2433","9c5604e4cafaa0c5fa3cc5dac0365149889d63b9d6b40f65cff3db674135cc89","f4935448e7b396817d905d88a26506e7b09daddb540f547689fb16ee7316fc47"
"95","apps/api/src/modules/prompts/prompt-analysis.service.ts","2790","7a7a40a6ac0ff55dc22bcb71e5fe5cd22d967b85299b4da9348beef5b06273fa","c5f72f15be817311968ac49323005b72796a22a5dd46bdaef97a3abdfe7abfed"
"96","apps/api/src/modules/prompts/prompts.module.ts","284","f7c6dcc7783b241d30a44e92170940812576f5396e4b577cc017a2352e365ed9","f7c6dcc7783b241d30a44e92170940812576f5396e4b577cc017a2352e365ed9"
"97","apps/api/src/modules/prompts/prompts.service.spec.ts","6304","eaddc6a01fa76e6713745e591d87f1a3fd6693294c08c3f8210b611e16a2c487","a89205ba08095368c7dc0bbbe327aac1c8ff2455803556aacc1fb7039a1929f4"
"98","apps/api/src/modules/prompts/prompts.service.ts","32549","0984f84361af8685fb1b8e72063db7025f5168fde8a41834a24ca7a484b45796","90efc5cdfce4f1c7b57a0221a1ee16088bb0f692ae3b2bcf8b9f7129cb1f6e90"
"99","apps/api/src/modules/search/search.module.ts","279","f024c879088d4db1cc1699856a577bf2c3d87c468c2b022fdeeb7c913d0e5421","f024c879088d4db1cc1699856a577bf2c3d87c468c2b022fdeeb7c913d0e5421"
"100","apps/api/src/modules/search/search.service.ts","35101","9a6a287256dff807169141a82603b310565159fcc5c96ae1c610523b8790c037","13b0f3dba624065d6e0783a217baebb4300365ced32e521cebbeb66caebde496"
"101","apps/api/src/modules/security/prompt-security.controller.ts","14815","17d2b952e330500dba85e50e5a43b1083a78837e4d84bdd7d079d91a0f61da77","e18e1dbf0da572bf1cae319689abd3f1e6cd4bfe7ffa17a62c8bd1c8a699ca26"
"102","apps/api/src/modules/security/prompt-security.service.ts","23816","3646dd25b55ef3d9619b2a1be0a494e5343fb1bd7d4ccf2eb58bf9cfac84bb6d","1af740d7f620e38e63461102d358030d9b6b3db8fef84deee385e7565a3f486f"
"103","apps/api/src/modules/security/security.module.ts","490","8eaca72980fbbf75399c894dbb29683cadb0752d702cf3f86958b622d4beafb5","8eaca72980fbbf75399c894dbb29683cadb0752d702cf3f86958b622d4beafb5"
"104","apps/api/src/modules/skills/dto/index.ts","1021","0980482f43b84dfa397ee44118b55b716f7b63b585621b43729a05178fcb2922","0980482f43b84dfa397ee44118b55b716f7b63b585621b43729a05178fcb2922"
"105","apps/api/src/modules/skills/interfaces/index.ts","2252","8fd278933362ffd92d460dabb28d5e839c7a5854be57639e9e14f1ea8886ff9a","12186478bcf48af58a62c60ab04494839686c5ab76149d44c49ae0620f2419c7"
"106","apps/api/src/modules/skills/skills.module.ts","279","52f2f3b00ddcd02a3e4f3d24989623d146bfb1b3284d72381af53e0167b76772","52f2f3b00ddcd02a3e4f3d24989623d146bfb1b3284d72381af53e0167b76772"
"107","apps/api/src/modules/skills/skills.service.ts","27952","35a29f65f84b558fb6c55ff18cb17a3e84d51a80dadc5ae614c3158aa734b3f3","e577f3a67ac033f3b40e7739a14f59a912316de6cf09f455bd52411b72265273"
"108","apps/api/src/modules/storage/storage.module.ts","284","be318d9b0e67478e79e56b4cfd2f5e3720b0849c0924b729a43657edb7666ac6","be318d9b0e67478e79e56b4cfd2f5e3720b0849c0924b729a43657edb7666ac6"
"109","apps/api/src/modules/storage/storage.service.ts","21040","24daa41a3c1b0901be0e07bbb173f53513d955f229c9389aeb5cd3e6c49f03ff","e970cb44994d16019e72864962c99d6d4ee2cacd19fc043d0ee567590b38b51a"
"110","apps/api/src/modules/teams/teams.module.ts","202","a8841fb6bfd3410b82bf499cecdb0a269a1c56d405bdafea9dd0b916d539910f","a8841fb6bfd3410b82bf499cecdb0a269a1c56d405bdafea9dd0b916d539910f"
"111","apps/api/src/modules/templates/dto/index.ts","1168","1df502d81f1f8fca050d617908a02cb0413aa591593f8007ce5b9416a3f3e4eb","c87766d84cb3e3f0c7f104fcd089009b346c951fc03cf40ae300356a39d59eb5"
"112","apps/api/src/modules/templates/industry-templates.service.ts","28552","7662a0b81cd5f699d1ba878f9fd742aa577c3f1c74ebc5d012b20b6ccedf3333","dbec610196312a78956b2cf808a5ee59b6b7c750681ec2ee412c73d28ebc33cb"
"113","apps/api/src/modules/templates/interfaces/index.ts","1274","a674dc1758cf526a5db0c485f2209bbc085fd4f6268407a0f7da01cdbb51955d","aff6fc9f33971fe716e268cf16817f3d5c7ff7d50931b4a92d706c2e3d93f2eb"
"114","apps/api/src/modules/templates/templates.module.ts","419","73777ab96aa31fa5d539d981d335ee086de7c98fae63d067efdc08b763ab43b5","73777ab96aa31fa5d539d981d335ee086de7c98fae63d067efdc08b763ab43b5"
"115","apps/api/src/modules/templates/templates.service.ts","31070","ab3cc054e87e4cf97db36848e42ee583cde7380120d6d440342a84137acb61a3","a6c464dd0e8dd2255f85e7a2709b5bce3b8f199c875be3add03c0a56d4b55e8e"
"116","apps/api/src/modules/users/dto/index.ts","1101","fb754ab53a7240d8ca9fb7a865073ea80a5f76556f98018d1e59dc029abf4ece","6fb391c0a84eec144bc7f5ed8387194e999273be11930ff624bef49f354fb142"
"117","apps/api/src/modules/users/interfaces/index.ts","2213","7e9bcd97248447b9e31dbbad779cac1667f6a2b709363a801e9d202c16811784","7c40528ad7554ef74936331d8191eae39e1d014523bf651e18f6be35e4203630"
"118","apps/api/src/modules/users/users.module.ts","274","7a15247cc866862f72cee18f3577d29a2ceb3ed88a91222320711fc318170a99","7a15247cc866862f72cee18f3577d29a2ceb3ed88a91222320711fc318170a99"
"119","apps/api/src/modules/users/users.service.ts","35699","43ccdb3685e001579263a9cb159d75d8b641db01753a7d17e39616089424b1b5","81fabc3a904397c5b55057b4e6fb5991f4d82e84040c53d49b55bb03daa8c931"
"120","apps/api/src/modules/version-control/git.controller.ts","9380","ad599fff78a0e946780e60413e189bd5e096153c3f9347ef4c3bcfa4b43af427","8e96f0e3cfc251433c26666ceec31d1fc3e643c1c515b3cd1981420c4db94412"
"121","apps/api/src/modules/version-control/git.module.ts","346","ab4922c25c8a5fb312fdaa6947cd80569d10e0ae6e41d7a10389d672c8f5348b","ab4922c25c8a5fb312fdaa6947cd80569d10e0ae6e41d7a10389d672c8f5348b"
"122","apps/api/src/modules/version-control/git.service.ts","25392","607e87caf91342e3e9754cd31ec4d9a6a3796e35f285056220b4f39b9c488148","7f2cab57d94a724f192d1ff09a30017c39e983b58d889bb51a53130a6e754ea0"
"123","apps/api/src/modules/websocket/websocket.gateway.ts","10103","9b5e761eb169bed403fb066933494b2de48d907f7ed424b47a1c69fca169abc2","2a37a1b2cf66932a01fd6e1c71c5f8acc28b1ac4822933500315e38026ffc2bb"
"124","apps/api/src/modules/workflows/dto/workflows.dto.ts","1470","dd67c0d3c8c85a4ef3d1d6e1f1932d5962b1c76649cc29e03679b118378e958f","2835bf4d71590b81817d0ebfbe9b8858c2dfdb62abe79136f6895b4fe70fe27d"
"125","apps/api/src/modules/workflows/workflow-executor.service.ts","16180","e6bfb08a84c09a49b1398ec5a870a043f86f0c7c8c6a6278a3127bdff25d5ed2","fe726ba03931b5b16738037253b31e3043532f000ed3f3436093524e15b09b7c"
"126","apps/api/src/modules/workflows/workflows.controller.ts","1948","d88e02ffcca831e1a22439dc9b9e2b2c41b6ed02810213619c85b2ef8b6c40e4","3a92a9be3ac3d8998a12cf1d5726a6f28bcfc392b36ebbd72ff6ffda28a7e078"
"127","apps/api/src/modules/workflows/workflows.module.ts","505","9e54bdca1096c2011b69d430024ca70346e3eebe134b05c81db2fe228b42eea2","9e54bdca1096c2011b69d430024ca70346e3eebe134b05c81db2fe228b42eea2"
"128","apps/api/test/app.e2e-spec.ts","749","7250954a29dbf8e03a5defe4d91af791e4154b807c212eeb3d2771dfa3f69c9a","7250954a29dbf8e03a5defe4d91af791e4154b807c212eeb3d2771dfa3f69c9a"
"129","apps/api/test/jest-e2e.json","182","779ebe0bc382ced1bfd228510b106a8b12cddbefaf15be77c38af1a235d4c02c","779ebe0bc382ced1bfd228510b106a8b12cddbefaf15be77c38af1a235d4c02c"
"130","apps/api/tsconfig.json","903","b45049562d375c44b38816c85a98279c5f8d21b4cb3ab626f5b737cc23f60a03","b45049562d375c44b38816c85a98279c5f8d21b4cb3ab626f5b737cc23f60a03"
"131","apps/web/.env","521","d4ffb60faa6ec871a9a70c387de1e7ddf184c8cdfea78117e0f408d4445abc09","d4ffb60faa6ec871a9a70c387de1e7ddf184c8cdfea78117e0f408d4445abc09"
"132","apps/web/.env.example","521","d4ffb60faa6ec871a9a70c387de1e7ddf184c8cdfea78117e0f408d4445abc09","d4ffb60faa6ec871a9a70c387de1e7ddf184c8cdfea78117e0f408d4445abc09"
"133","apps/web/.env.local","321","c55db5e6ad8e5a45a7af59ec3a529042a252a847a6fde2f325e2b13fe9d87db9","c55db5e6ad8e5a45a7af59ec3a529042a252a847a6fde2f325e2b13fe9d87db9"
"134","apps/web/__tests__/ErrorBoundary.test.tsx","3956","1e606b761b278dc4ab229300392bc4ea0e6ebe4b1c7de59a85c1d8e6512a4105","2c22827ea6049dd3f48495175c9549cbfac816d5a37165c30e9d484a80cd565a"
"135","apps/web/__tests__/setup.ts","2019","085cdf0c23d80c0f027ce510ce77b15ddabf1b33213a2b73550eb4ac5abc1541","9d57087acfd16adc51b94549426454eaddf8972ddc83a122051eee7008393f38"
"136","apps/web/Dockerfile","1609","c28d75ca78d6e45bf15a2f7bb67233dc226c7ae5739208d84fcaaa4abd2b7b8a","f69acd96133a6ede2201fff1637e7f3e5f8e7058aa043d41d22a44aecf4ea6bf"
"137","apps/web/jest.config.js","1056","2fa1899d7dbc3b6dc0dc04d62729d148648dc04988bd8e5ea0e2126d8a262f4e","0c85d53a634a0c1e572678e83b55e73a57c4a01785b52680e84807b49c08090e"
"138","apps/web/next.config.js","820","9bdc804c16a751840691ac17e8648d5e75ab24aedd7f0926e5528b97e2b6eb35","9bdc804c16a751840691ac17e8648d5e75ab24aedd7f0926e5528b97e2b6eb35"
"139","apps/web/next-env.d.ts","233","e462a655754db9df18b4a657454a7b6a88717ffded4e89403b2b3a47c6603fc3","e462a655754db9df18b4a657454a7b6a88717ffded4e89403b2b3a47c6603fc3"
"140","apps/web/package.json","4607","1bd8533f57360e45e12e0611c1ba7c59478989d78ba7e7155b48aced89e6cf70","675546ab31312a3da7739a182a72225dfcafa14347489a3ba64beb58511bac09"
"141","apps/web/src/app/(dashboard)/workspace/page.tsx","10409","b54788d03ba32b9356daa6494e6493642ba7e86de96e34e927874e74a8c52888","8be6254963a9d8cf58da39a858bc62d1919b972d232f09effd8db692d12f9792"
"142","apps/web/src/app/dashboard/performance/page.tsx","458","2b0df1c79870e2993610f3717f44d250c81ac5ecedeabd1ffc00f205d7966756","2b0df1c79870e2993610f3717f44d250c81ac5ecedeabd1ffc00f205d7966756"
"143","apps/web/src/app/globals.css","4841","da55b5aa39157243f5d376abe8b7bde4e8650ae0670c90607f57786d85b7a787","551f498cd8701b451542a9995ee8b23cd58242d2cb8bd87db79f529ce6f65870"
"144","apps/web/src/app/layout.tsx","819","3d5a387568705b6293f098cd6dfdfda14ae25ccbb76a998f5848268e2830e9b1","3d5a387568705b6293f098cd6dfdfda14ae25ccbb76a998f5848268e2830e9b1"
"145","apps/web/src/app/providers.tsx","1625","fdd7c53f38be2fc12f478c93c437c08d1c9fc6030f2ed804750bde6987420817","ace167512b6c7a6245be1f798c1da16bad6e6f1634631826c8f22345c08e1bb5"
"146","apps/web/src/components/analytics/PerformanceDashboard.tsx","25705","ff7d0bffec159101dc37a3f1f106a209f5768235ba6fbd02acdbbff386df027c","dbe02c957b8adebe2e422afd25166c4b5ac7000fbd13442ead5e2c2974d619ec"
"147","apps/web/src/components/ErrorBoundary.tsx","4236","22e7e534a47035b8025c1978a0c64ee778f75c2c6a5501d05ef1971353112091","386141fe2f969fed497dd4385b6eea94374d51150ff769b338498070ae655723"
"148","apps/web/src/components/prompt-builder/VisualPromptBuilder.tsx","18637","917311e23cd294e21138a12a85b908e8b67c9afde309ccf6948e0cd859169127","433f4b3ebec59f783fb31ff9ef0499a749f576c8878a2015372fcbd333668a93"
"149","apps/web/src/hooks/useWebSocket.ts","3856","c2fe8c12c0b9d10f3c5eb41dbbe693ea9a54b3f0cf04b26b187517462ddacf63","81427753ae031d777869a24a3418f11a208a82a9ed4afa28dd25011e381716be"
"150","apps/web/tsconfig.json","1022","6977da48b27faac8df48b245090d3d7a51a70e314f37bbb634b57580f8879730","6977da48b27faac8df48b245090d3d7a51a70e314f37bbb634b57580f8879730"
"151","COVERAGE_LOG.csv","45","488bdfcdd0c2832a2ce6342a103ff37fac735e9f0fd9476fbff7e9a009d87ba2","488bdfcdd0c2832a2ce6342a103ff37fac735e9f0fd9476fbff7e9a009d87ba2"
"152","docker-compose.prod.yml","4569","1de78cd23979a6ff59855cb679f186e1323071fecf8cd6d4d9316c6850fb51ee","c8ffb024f8f8c2fb76d5e16d0a44cedc299e1b327eb76419e1d9b538feff7dda"
"153","docker-compose.yml","655","3974889d4dcd76d56820af6e54a1313903dea7e9575d51bc6d1f1ef0181770c8","3974889d4dcd76d56820af6e54a1313903dea7e9575d51bc6d1f1ef0181770c8"
"154","ENTERPRISE_FEATURES_STATUS.md","8448","25115f13b4146a28f4dfe01015fa3ae4c71032a23386f3336985c42160c36233","6a804fada8f97875d267bda7b0c609f9693707fd86b17045125f69b53617c7d9"
"155","FILE_MANIFEST.csv","48","2b3839556b653f434379d4908bf86528ed018cce07a49d807ecbaba2524c1095","2b3839556b653f434379d4908bf86528ed018cce07a49d807ecbaba2524c1095"
"156","FINAL_LAUNCH_GUIDE.md","4731","85463446e5d9076f66cc7edd8bb264b0c3a745e81ce21859b2f299cd115f9d1c","762ec50b412deaf9b52b1498ae44f6e87473935f64fc72612f4d1b14244282e9"
"157","FIXES_IMPLEMENTED.md","4555","54eefe1b83a9ac7a0695c490f6eb62b5c9496abce661143a476a773fe7fba4b8","a3b5c15447e55ced8460830efd53a629b9243d31e66b49ebbefb57201ab896d6"
"158","generate-manifest.ps1","5664","fbc58c57359e8fb39564212b49692b2cc88ea50eac5ed32b5759e640ea7d8c01","40a8beda31e12059734a73e017cbe806452f8c5395486721ab24e20cc61f17a0"
"159","infrastructure/docker/docker-compose.yml","4550","c0e8f55ed9b80b2d8824be852423a42e82cc3289c5c6b01f4c4d95fd4a44f18a","6bc713cfa55541490964b01d23579720143d3f9e99dcd6e0cf63de9d9b48521f"
"160","infrastructure/docker/prometheus.yml","493","55291e0ee74d1802ae8c7afadd4b946e5f0bc8cd7122d62d399c01c04940c4a4","55291e0ee74d1802ae8c7afadd4b946e5f0bc8cd7122d62d399c01c04940c4a4"
"161","infrastructure/scripts/setup-dev.sh","3048","370c7099ad67b4e79234f0d97fe8444cc3ecb4dcc3fc77b61a8e3725a3e8b561","30ef87a8cbcb823b7d5682cc648e76a0526e340c86e9fd4553ff387aeb1300a6"
"162","LAUNCH_INSTRUCTIONS.md","4875","2ed93b9147b616a2d94d287c77865f2c0e6950dae6a99326960d670ce958563c","7d17a6c39d973a84986d1d71fb28b54ef78252c374929ee0950252261c68a806"
"163","LAUNCH_NOW.bat","3852","b4ac0cc8eddc568b9d8b5e06903677a3cc4f46f64a487a0029d56a72174f070e","8687544b2abb83af31a0f2b48551fa26f57a5c5618f028ac84b0cb42b513e78c"
"164","LAUNCH_NOW_INSTRUCTIONS.md","3770","a57b9d44bb84065fd492b24421796fce8713893b54ca38824d5c9e6c192a2df5","511c2a23abf62540db32608792e9d09c9adbd9b7dbd285304292204b05d8f54a"
"165","package.json","4145","5b541cd293cc146c0a0476b3e5a65e135098894964202ff0af3d321f92a27a88","f3da79ae1da74f1c6242f15f02348c26517e33fb66f15ccba663c524c4317bfb"
"166","package-lock.json","1201122","33626571bb0253ccb8017e7fb5dc16a61f06f5204b84e0fd56907c237478af44","310f753824999924ab9ebd0f59141afdd214429eedf48bf60332209b53178422"
"167","packages/llm-client/package.json","830","376d97a5354a516e3fd64d32f73840e86e3270ea66fa04721241dce127301d5c","376d97a5354a516e3fd64d32f73840e86e3270ea66fa04721241dce127301d5c"
"168","packages/llm-client/src/index.ts","185","cc559edf999e1930a8aa55059d6a6237d36371bcc4c2ea19dd43c5b22f223f37","cc559edf999e1930a8aa55059d6a6237d36371bcc4c2ea19dd43c5b22f223f37"
"169","packages/llm-client/src/llm-client.module.ts","281","68b7604b00d5aeaeacd6e5a274c0143a6a919189f09ccfa012932b6ea78ed93a","68b7604b00d5aeaeacd6e5a274c0143a6a919189f09ccfa012932b6ea78ed93a"
"170","packages/llm-client/src/llm-client.service.ts","2521","e6355166d8f0502aa11526063a3fed16cd5c8c832b4dbe5d6e8b9d4163e466a6","9d6714971836f88c4debc42292ac23bdf7a5a3efec4a5925370c61fe1001f954"
"171","packages/llm-client/src/providers/BaseProvider.ts","8750","27f1c04ebe14c27ca2ed9b4aaad56f51e2940bcba92218bac7c4b395dd05bcc2","176fab597ba4eb36e178da4bbfecee90a08e79cbc9dcc7084d39e36ecaa9a93a"
"172","packages/llm-client/src/providers/OpenAIProvider.ts","6894","2a5e9c0e835c7d059d976ab90980f24794cd44796abaa8d543576176b4593669","8e7c85fad6d266de8cb257703026b63263070ca2434125a0fd59aa6220792618"
"173","packages/llm-client/src/types/index.ts","2219","fa61e13d8475ac2b19c3aee6d7c3bee93a588334c426d87078b2b6f9fcadc909","ae30df61314ba261d81fb8ae12be55ca23dedc762b88d2f8028a1e02330107d6"
"174","packages/llm-client/tsconfig.json","486","47d7ed45f9992f77c2345738f0f81b50a39b65b23dc9b6ad34beb128b114744c","47d7ed45f9992f77c2345738f0f81b50a39b65b23dc9b6ad34beb128b114744c"
"175","packages/prompt-engine/package.json","707","28cf223d9962497eee61e6637e5851582131ddb132e0f5bbb0cf34d7753a5675","28cf223d9962497eee61e6637e5851582131ddb132e0f5bbb0cf34d7753a5675"
"176","packages/prompt-engine/src/analyzers/ComplexityAnalyzer.ts","5267","c95339473aec3afcd3b7099be41ed8c00072878086b43f82d411d93ad6c6040c","25f83428e417aa6810aff300973a9c6c77c998a8e6c92c874ee2b7374b6306cf"
"177","packages/prompt-engine/src/generators/PromptGenerator.ts","17111","e798c61dc50004fc49c050ed659f54a6c4180f222f9f27aab47948087d7b8b8c","628d52e53eea82b17dd3bea2e4d15dcbcfdb8ed78adb962c86d830ce5a4aa73e"
"178","packages/prompt-engine/src/index.ts","207","aececb1da02d07c04d045cba17c8a5993bc8200c2d4527fa473c78c1a5fc1f36","aececb1da02d07c04d045cba17c8a5993bc8200c2d4527fa473c78c1a5fc1f36"
"179","packages/prompt-engine/src/rules/RulesEngine.ts","11082","ff9d73f7dc7f1e40f7c4f19376270605b78b986f714a495bb0d2c4da4bd8c68c","cc73066e442ef849a81c96be6c07b9a9452baba9107aec9364c8de5ccfd45681"
"180","packages/prompt-engine/src/services/PromptImprovementEngine.ts","22386","13f255d24b5d3dc9e48201cef8b0379b93fabc3dcbc3e9b166ea02b85eabcda8","cc25a69c5df3e6da04cb27f1cab17777a7722d738dfabadd6241dd0deadc74cc"
"181","packages/prompt-engine/src/types/index.ts","3796","e79d2be21b6c70793a8464bfcae4b5c6bc541fc14a19e8307a2cd5b40b53d595","25eab934d50c2364b164c396585ebee3f90bea0406ec7ac7c0f6b43ba932dcfe"
"182","packages/prompt-engine/tsconfig.json","486","47d7ed45f9992f77c2345738f0f81b50a39b65b23dc9b6ad34beb128b114744c","47d7ed45f9992f77c2345738f0f81b50a39b65b23dc9b6ad34beb128b114744c"
"183","packages/shared/package.json","434","608ac4bb967e1275609db672b8044424736ed45b49d0d04b233b8b8dcc4fc321","608ac4bb967e1275609db672b8044424736ed45b49d0d04b233b8b8dcc4fc321"
"184","packages/shared/src/index.ts","2420","feb504b4081af4ead9ad072b3a9ef6667cb338dcfccd6f74f9ec463959c5a682","fdd9cdf3ece7e8359dcbb97339daaa3ea5cbb051e8cfe2d37136167641649d21"
"185","packages/shared/tsconfig.json","445","741d2232ad224ad5ea97f6c4f5392990ca42507b03f7d68ab8c13b285d8f03cb","741d2232ad224ad5ea97f6c4f5392990ca42507b03f7d68ab8c13b285d8f03cb"
"186","packages/ui-kit/package.json","585","47549f56e3a4413ab39576baf61f5911039fd21e52d98dec355b63b17bb79b67","47549f56e3a4413ab39576baf61f5911039fd21e52d98dec355b63b17bb79b67"
"187","packages/ui-kit/src/components/Button.tsx","1846","644dcf0c988f673a58e48a0671d59a2a7d137b745c345f782d8dd7182a959339","505abae1f87188857060a26f8ca7652c00f76c219acabba0add71b5d58439ef9"
"188","packages/ui-kit/src/index.ts","103","e04265e01e96fa43df563a744fbd06dc8b8ebba4f8f968858f9c2526fbd4be01","e04265e01e96fa43df563a744fbd06dc8b8ebba4f8f968858f9c2526fbd4be01"
"189","packages/ui-kit/tsconfig.json","492","896354ec0a787a6414f45a621af5879b4280ed7991761fca7eb4c1db8e02131d","896354ec0a787a6414f45a621af5879b4280ed7991761fca7eb4c1db8e02131d"
"190","PUSH_INSTRUCTIONS.md","2259","2ed82dc9c9d0f800953eee92651f0802a615689dc8058b555c3d5869039a297c","58740c0da89274138e0f8c51c20586377b1b6c607baf4b57e75135f99b7667ee"
"191","QUICK_START.md","2879","a9f681b10cd07042c2cd832d5bc83a5c8a1978f762c3af16c15f8d3ce8b9e04e","c6350691332ecfb51d8d4a900b47e2b8e0b178cf26a1a79ed6fa8522442829a3"
"192","README.md","8273","153ad3d29c33a8dea1cc36699e0f6fa59149e12220714f445aed9a302a7095ed","008b065762849482257bfc1c54c0af6610cf735b1ab903b57aede643ea0e5de2"
"193","scripts/setup.js","7428","82293a3d07d3c140fa31dc0e9c1cf4c1c67673346e752d99a37d3a416493fab2","77759c717c0fa4a1ecc483eaf2e2ddc9825318b5f3323bd5275df301ab3a6579"
"194","scripts/setup-database.sh","590","01a707e32b4e4f52fc2bd33f03edacec1daf20ef62bc84b6753de1ec980f1de5","01a707e32b4e4f52fc2bd33f03edacec1daf20ef62bc84b6753de1ec980f1de5"
"195","scripts/start-production.sh","1288","2709009b19969c170e0b23726d19ef5cb18a60ca3af1bbd23fc73e01565fc135","0ccae9a3de1b14b5941aab34e6839f8854bb025205c925f529e8392eca3dff16"
"196","setup.sh","1560","93fa0da354ddc25928cb6fbbbc76dfc87bd71c4eb5d6ae93dc8e686a1f48a43c","cf1d50087e08403bd8ffdf1ae1af63bc1eab4fe7550b8476f86f9c4c416b2639"
"197","TEST_PLATFORM.bat","736","3abc54f10f249d2be4839f607cedd43a4b8ec59817000d5caa91c6133ccbd90c","3abc54f10f249d2be4839f607cedd43a4b8ec59817000d5caa91c6133ccbd90c"
"198","test-implementation.js","7497","4981659236187c997df13fc42e6727dcd19cc92ae24b6ffc33d204feef7474e9","993ee85086be8dc36c886bb76ea9d1ceb5ac07f2d6fdafd7eae3b031aaa937f1"
"199","TESTING_GUIDE.md","6977","c7a9a5d41d06259632e47e0b96f1a312b5b1d890532105c78feea754fa64c3ed","70858533b3fae47ab8e4371bd5ecea75a0d6db48ff3193fd36c89c4c12a27ecc"
